Workbook

Sheet Sheet1
A1: Product_Type_i | B1: From_ID | C1: Product_Type_j | D1: To_ID | E1: Quantity | F1: From_Node | G1: From_City_Area | H1: From_State | I1: From_Latitude | J1: From_Longitude | K1: To_Node | L1: To_City_Area | M1: To_State | N1: To_Latitude | O1: To_Longitude
A2: Raw | B2: Farm1 | C2: Raw | D2: Processor3 | E2: 4000 | F2: =VLOOKUP(B2,Sheet2!$A$2:$G$32,2,FALSE) -> Midwest Poultry Farm | G2: =VLOOKUP(B2,Sheet2!$A$2:$G$32,4,FALSE) -> Near Sedalia | H2: =VLOOKUP(B2,Sheet2!$A$2:$G$32,5,FALSE) -> MO | I2: =VLOOKUP(B2,Sheet2!$A$2:$G$32,6,FALSE) -> 38.75299 | J2: =VLOOKUP(B2,Sheet2!$A$2:$G$32,7,FALSE) -> -93.30497 | K2: =VLOOKUP(D2,Sheet2!$A$2:$G$32,2,FALSE) -> Kansas City Processing Hub | L2: =VLOOKUP(D2,Sheet2!$A$2:$G$32,4,FALSE) -> Topeka | M2: =VLOOKUP(D2,Sheet2!$A$2:$G$32,5,FALSE) -> KS | N2: =VLOOKUP(D2,Sheet2!$A$2:$G$32,6,FALSE) -> 39.161321 | O2: =VLOOKUP(D2,Sheet2!$A$2:$G$32,7,FALSE) -> -95.66503
A3: Raw | B3: Farm1 | C3: Raw | D3: Processor4 | E3: 4000 | F3: =VLOOKUP(B3,Sheet2!$A$2:$G$32,2,FALSE) -> Midwest Poultry Farm | G3: =VLOOKUP(B3,Sheet2!$A$2:$G$32,4,FALSE) -> Near Sedalia | H3: =VLOOKUP(B3,Sheet2!$A$2:$G$32,5,FALSE) -> MO | I3: =VLOOKUP(B3,Sheet2!$A$2:$G$32,6,FALSE) -> 38.75299 | J3: =VLOOKUP(B3,Sheet2!$A$2:$G$32,7,FALSE) -> -93.30497 | K3: =VLOOKUP(D3,Sheet2!$A$2:$G$32,2,FALSE) -> Monett Poultry Processor | L3: =VLOOKUP(D3,Sheet2!$A$2:$G$32,4,FALSE) -> Monett | M3: =VLOOKUP(D3,Sheet2!$A$2:$G$32,5,FALSE) -> MO | N3: =VLOOKUP(D3,Sheet2!$A$2:$G$32,6,FALSE) -> 36.917832 | O3: =VLOOKUP(D3,Sheet2!$A$2:$G$32,7,FALSE) -> -93.914219
A4: Raw | B4: Farm2 | C4: Raw | D4: Processor4 | E4: 4000 | F4: =VLOOKUP(B4,Sheet2!$A$2:$G$32,2,FALSE) -> Golden Valley Poultry | G4: =VLOOKUP(B4,Sheet2!$A$2:$G$32,4,FALSE) -> Near Springfield | H4: =VLOOKUP(B4,Sheet2!$A$2:$G$32,5,FALSE) -> MO | I4: =VLOOKUP(B4,Sheet2!$A$2:$G$32,6,FALSE) -> 37.28071 | J4: =VLOOKUP(B4,Sheet2!$A$2:$G$32,7,FALSE) -> -93.2425 | K4: =VLOOKUP(D4,Sheet2!$A$2:$G$32,2,FALSE) -> Monett Poultry Processor | L4: =VLOOKUP(D4,Sheet2!$A$2:$G$32,4,FALSE) -> Monett | M4: =VLOOKUP(D4,Sheet2!$A$2:$G$32,5,FALSE) -> MO | N4: =VLOOKUP(D4,Sheet2!$A$2:$G$32,6,FALSE) -> 36.917832 | O4: =VLOOKUP(D4,Sheet2!$A$2:$G$32,7,FALSE) -> -93.914219
A5: Raw | B5: Farm2 | C5: Raw | D5: Processor6 | E5: 4000 | F5: =VLOOKUP(B5,Sheet2!$A$2:$G$32,2,FALSE) -> Golden Valley Poultry | G5: =VLOOKUP(B5,Sheet2!$A$2:$G$32,4,FALSE) -> Near Springfield | H5: =VLOOKUP(B5,Sheet2!$A$2:$G$32,5,FALSE) -> MO | I5: =VLOOKUP(B5,Sheet2!$A$2:$G$32,6,FALSE) -> 37.28071 | J5: =VLOOKUP(B5,Sheet2!$A$2:$G$32,7,FALSE) -> -93.2425 | K5: =VLOOKUP(D5,Sheet2!$A$2:$G$32,2,FALSE) -> Fort Smith Regional Processor | L5: =VLOOKUP(D5,Sheet2!$A$2:$G$32,4,FALSE) -> Fort Smith | M5: =VLOOKUP(D5,Sheet2!$A$2:$G$32,5,FALSE) -> AR | N5: =VLOOKUP(D5,Sheet2!$A$2:$G$32,6,FALSE) -> 35.496491 | O5: =VLOOKUP(D5,Sheet2!$A$2:$G$32,7,FALSE) -> -94.299086
A6: Raw | B6: Farm3 | C6: Raw | D6: Processor1 | E6: 4000 | F6: =VLOOKUP(B6,Sheet2!$A$2:$G$32,2,FALSE) -> Heartland Poultry Co. | G6: =VLOOKUP(B6,Sheet2!$A$2:$G$32,4,FALSE) -> Southern Illinois | H6: =VLOOKUP(B6,Sheet2!$A$2:$G$32,5,FALSE) -> IL | I6: =VLOOKUP(B6,Sheet2!$A$2:$G$32,6,FALSE) -> 38.01708 | J6: =VLOOKUP(B6,Sheet2!$A$2:$G$32,7,FALSE) -> -89.01418 | K6: =VLOOKUP(D6,Sheet2!$A$2:$G$32,2,FALSE) -> Springfield Processor | L6: =VLOOKUP(D6,Sheet2!$A$2:$G$32,4,FALSE) -> Springfield | M6: =VLOOKUP(D6,Sheet2!$A$2:$G$32,5,FALSE) -> IL | N6: =VLOOKUP(D6,Sheet2!$A$2:$G$32,6,FALSE) -> 39.841933 | O6: =VLOOKUP(D6,Sheet2!$A$2:$G$32,7,FALSE) -> -89.642167
A7: Raw | B7: Farm3 | C7: Raw | D7: Processor2 | E7: 55000 | F7: =VLOOKUP(B7,Sheet2!$A$2:$G$32,2,FALSE) -> Heartland Poultry Co. | G7: =VLOOKUP(B7,Sheet2!$A$2:$G$32,4,FALSE) -> Southern Illinois | H7: =VLOOKUP(B7,Sheet2!$A$2:$G$32,5,FALSE) -> IL | I7: =VLOOKUP(B7,Sheet2!$A$2:$G$32,6,FALSE) -> 38.01708 | J7: =VLOOKUP(B7,Sheet2!$A$2:$G$32,7,FALSE) -> -89.01418 | K7: =VLOOKUP(D7,Sheet2!$A$2:$G$32,2,FALSE) -> St. Louis Processing Facility | L7: =VLOOKUP(D7,Sheet2!$A$2:$G$32,4,FALSE) -> St. Louis | M7: =VLOOKUP(D7,Sheet2!$A$2:$G$32,5,FALSE) -> MO | N7: =VLOOKUP(D7,Sheet2!$A$2:$G$32,6,FALSE) -> 38.540593 | O7: =VLOOKUP(D7,Sheet2!$A$2:$G$32,7,FALSE) -> -90.460896
A8: Raw | B8: Farm3 | C8: Raw | D8: Processor5 | E8: 34687.429 | F8: =VLOOKUP(B8,Sheet2!$A$2:$G$32,2,FALSE) -> Heartland Poultry Co. | G8: =VLOOKUP(B8,Sheet2!$A$2:$G$32,4,FALSE) -> Southern Illinois | H8: =VLOOKUP(B8,Sheet2!$A$2:$G$32,5,FALSE) -> IL | I8: =VLOOKUP(B8,Sheet2!$A$2:$G$32,6,FALSE) -> 38.01708 | J8: =VLOOKUP(B8,Sheet2!$A$2:$G$32,7,FALSE) -> -89.01418 | K8: =VLOOKUP(D8,Sheet2!$A$2:$G$32,2,FALSE) -> Arthur Poultry Processing | L8: =VLOOKUP(D8,Sheet2!$A$2:$G$32,4,FALSE) -> Peoria | M8: =VLOOKUP(D8,Sheet2!$A$2:$G$32,5,FALSE) -> IL | N8: =VLOOKUP(D8,Sheet2!$A$2:$G$32,6,FALSE) -> 40.704708 | O8: =VLOOKUP(D8,Sheet2!$A$2:$G$32,7,FALSE) -> -89.272331
A9: Raw | B9: Farm4 | C9: Raw | D9: Processor1 | E9: 4000 | F9: =VLOOKUP(B9,Sheet2!$A$2:$G$32,2,FALSE) -> Mississippi River Farms | G9: =VLOOKUP(B9,Sheet2!$A$2:$G$32,4,FALSE) -> Near St. Louis | H9: =VLOOKUP(B9,Sheet2!$A$2:$G$32,5,FALSE) -> MO | I9: =VLOOKUP(B9,Sheet2!$A$2:$G$32,6,FALSE) -> 38.93137 | J9: =VLOOKUP(B9,Sheet2!$A$2:$G$32,7,FALSE) -> -90.12302 | K9: =VLOOKUP(D9,Sheet2!$A$2:$G$32,2,FALSE) -> Springfield Processor | L9: =VLOOKUP(D9,Sheet2!$A$2:$G$32,4,FALSE) -> Springfield | M9: =VLOOKUP(D9,Sheet2!$A$2:$G$32,5,FALSE) -> IL | N9: =VLOOKUP(D9,Sheet2!$A$2:$G$32,6,FALSE) -> 39.841933 | O9: =VLOOKUP(D9,Sheet2!$A$2:$G$32,7,FALSE) -> -89.642167
A10: Raw | B10: Farm4 | C10: Raw | D10: Processor2 | E10: 4000 | F10: =VLOOKUP(B10,Sheet2!$A$2:$G$32,2,FALSE) -> Mississippi River Farms | G10: =VLOOKUP(B10,Sheet2!$A$2:$G$32,4,FALSE) -> Near St. Louis | H10: =VLOOKUP(B10,Sheet2!$A$2:$G$32,5,FALSE) -> MO | I10: =VLOOKUP(B10,Sheet2!$A$2:$G$32,6,FALSE) -> 38.93137 | J10: =VLOOKUP(B10,Sheet2!$A$2:$G$32,7,FALSE) -> -90.12302 | K10: =VLOOKUP(D10,Sheet2!$A$2:$G$32,2,FALSE) -> St. Louis Processing Facility | L10: =VLOOKUP(D10,Sheet2!$A$2:$G$32,4,FALSE) -> St. Louis | M10: =VLOOKUP(D10,Sheet2!$A$2:$G$32,5,FALSE) -> MO | N10: =VLOOKUP(D10,Sheet2!$A$2:$G$32,6,FALSE) -> 38.540593 | O10: =VLOOKUP(D10,Sheet2!$A$2:$G$32,7,FALSE) -> -90.460896
A11: Raw | B11: Farm4 | C11: Raw | D11: Processor5 | E11: 4000 | F11: =VLOOKUP(B11,Sheet2!$A$2:$G$32,2,FALSE) -> Mississippi River Farms | G11: =VLOOKUP(B11,Sheet2!$A$2:$G$32,4,FALSE) -> Near St. Louis | H11: =VLOOKUP(B11,Sheet2!$A$2:$G$32,5,FALSE) -> MO | I11: =VLOOKUP(B11,Sheet2!$A$2:$G$32,6,FALSE) -> 38.93137 | J11: =VLOOKUP(B11,Sheet2!$A$2:$G$32,7,FALSE) -> -90.12302 | K11: =VLOOKUP(D11,Sheet2!$A$2:$G$32,2,FALSE) -> Arthur Poultry Processing | L11: =VLOOKUP(D11,Sheet2!$A$2:$G$32,4,FALSE) -> Peoria | M11: =VLOOKUP(D11,Sheet2!$A$2:$G$32,5,FALSE) -> IL | N11: =VLOOKUP(D11,Sheet2!$A$2:$G$32,6,FALSE) -> 40.704708 | O11: =VLOOKUP(D11,Sheet2!$A$2:$G$32,7,FALSE) -> -89.272331
A12: Raw | B12: Farm7 | C12: Raw | D12: Processor1 | E12: 26666.667 | F12: =VLOOKUP(B12,Sheet2!$A$2:$G$32,2,FALSE) -> Gateway Farms | G12: =VLOOKUP(B12,Sheet2!$A$2:$G$32,4,FALSE) -> Near East St. Louis | H12: =VLOOKUP(B12,Sheet2!$A$2:$G$32,5,FALSE) -> IL | I12: =VLOOKUP(B12,Sheet2!$A$2:$G$32,6,FALSE) -> 38.52547 | J12: =VLOOKUP(B12,Sheet2!$A$2:$G$32,7,FALSE) -> -90.15657 | K12: =VLOOKUP(D12,Sheet2!$A$2:$G$32,2,FALSE) -> Springfield Processor | L12: =VLOOKUP(D12,Sheet2!$A$2:$G$32,4,FALSE) -> Springfield | M12: =VLOOKUP(D12,Sheet2!$A$2:$G$32,5,FALSE) -> IL | N12: =VLOOKUP(D12,Sheet2!$A$2:$G$32,6,FALSE) -> 39.841933 | O12: =VLOOKUP(D12,Sheet2!$A$2:$G$32,7,FALSE) -> -89.642167
A13: Raw | B13: Farm7 | C13: Raw | D13: Processor2 | E13: 7985.9632 | F13: =VLOOKUP(B13,Sheet2!$A$2:$G$32,2,FALSE) -> Gateway Farms | G13: =VLOOKUP(B13,Sheet2!$A$2:$G$32,4,FALSE) -> Near East St. Louis | H13: =VLOOKUP(B13,Sheet2!$A$2:$G$32,5,FALSE) -> IL | I13: =VLOOKUP(B13,Sheet2!$A$2:$G$32,6,FALSE) -> 38.52547 | J13: =VLOOKUP(B13,Sheet2!$A$2:$G$32,7,FALSE) -> -90.15657 | K13: =VLOOKUP(D13,Sheet2!$A$2:$G$32,2,FALSE) -> St. Louis Processing Facility | L13: =VLOOKUP(D13,Sheet2!$A$2:$G$32,4,FALSE) -> St. Louis | M13: =VLOOKUP(D13,Sheet2!$A$2:$G$32,5,FALSE) -> MO | N13: =VLOOKUP(D13,Sheet2!$A$2:$G$32,6,FALSE) -> 38.540593 | O13: =VLOOKUP(D13,Sheet2!$A$2:$G$32,7,FALSE) -> -90.460896
... A69: Raw | B69: Processor3 | C69: Semicooked | D69: Warehouse3 | E69: 4000 | F69: =VLOOKUP(B69,Sheet2!$A$2:$G$32,2,FALSE) -> Kansas City Processing Hub | G69: =VLOOKUP(B69,Sheet2!$A$2:$G$32,4,FALSE) -> Topeka | H69: =VLOOKUP(B69,Sheet2!$A$2:$G$32,5,FALSE) -> KS | I69: =VLOOKUP(B69,Sheet2!$A$2:$G$32,6,FALSE) -> 39.161321 | J69: =VLOOKUP(B69,Sheet2!$A$2:$G$32,7,FALSE) -> -95.66503 | K69: =VLOOKUP(D69,Sheet2!$A$2:$G$32,2,FALSE) -> Chicago Metro Cold Warehouse | L69: =VLOOKUP(D69,Sheet2!$A$2:$G$32,4,FALSE) -> Hammond (Chicago Metro) | M69: =VLOOKUP(D69,Sheet2!$A$2:$G$32,5,FALSE) -> IN | N69: =VLOOKUP(D69,Sheet2!$A$2:$G$32,6,FALSE) -> 41.637709 | O69: =VLOOKUP(D69,Sheet2!$A$2:$G$32,7,FALSE) -> -87.499498

Sheet Sheet2
A1: ID | B1: Node | C1: Type | D1: City / Area | E1: State | F1: Latitude | G1: Longitude
A2: Farm1 | B2: Midwest Poultry Farm | C2: Farm | D2: Near Sedalia | E2: MO | F2: 38.75299 | G2: -93.30497
A3: Farm2 | B3: Golden Valley Poultry | C3: Farm | D3: Near Springfield | E3: MO | F3: 37.28071 | G3: -93.2425
A4: Farm3 | B4: Heartland Poultry Co. | C4: Farm | D4: Southern Illinois | E4: IL | F4: 38.01708 | G4: -89.01418
A5: Farm4 | B5: Mississippi River Farms | C5: Farm | D5: Near St. Louis | E5: MO | F5: 38.93137 | G5: -90.12302
A6: Farm5 | B6: Prairie State Poultry | C6: Farm | D6: Central Illinois | E6: IL | F6: 40.82007 | G6: -89.41288
A7: Farm6 | B7: Ozark Ridge Poultry | C7: Farm | D7: Near Joplin | E7: MO | F7: 37.04421 | G7: -94.44755
A8: Farm7 | B8: Gateway Farms | C8: Farm | D8: Near East St. Louis | E8: IL | F8: 38.52547 | G8: -90.15657
A9: Processor1 | B9: Springfield Processor | C9: Processor | D9: Springfield | E9: IL | F9: 39.841933 | G9: -89.642167
A10: Processor2 | B10: St. Louis Processing Facility | C10: Processor | D10: St. Louis | E10: MO | F10: 38.540593 | G10: -90.460896
A11: Processor3 | B11: Kansas City Processing Hub | C11: Processor | D11: Topeka | E11: KS | F11: 39.161321 | G11: -95.66503
A12: Processor4 | B12: Monett Poultry Processor | C12: Processor | D12: Monett | E12: MO | F12: 36.917832 | G12: -93.914219
A13: Processor5 | B13: Arthur Poultry Processing | C13: Processor | D13: Peoria | E13: IL | F13: 40.704708 | G13: -89.272331
... A28: Retailer1 | B28: Harvesters Community Food Network | C28: Foodbank | D28: Kansas City | E28: MO | F28: 39.055128 | G28: -94.516657
A29: Retailer2 | B29: Rolla Retailers | D29: Rolla | E29: MO | F29: 37.90654 | G29: -91.793405
A30: Retailer3 | B30: St. Louis Metro Market | C30: Demand Market | D30: St. Louis Metro | E30: MO–IL | F30: 38.627733 | G30: -90.239334
A31: Retailer4 | B31: Chicago Metro Cold Warehouse | C31: Warehouse / Cold Storage | D31: Hammond (Chicago Metro) | E31: IN | F31: 41.637709 | G31: -87.499498
A32: Retailer5 | B32: Springfield Protein Processor | C32: Processor | D32: Springfield | E32: MO | F32: 37.225387 | G32: -93.352292
